153314956-153314996-001.BMP,1,0.0,0.0,0.0,0.0,0.0,0.0,0.0,0.0,0.0,0.0011534025374855825,0.2664359861591695,0.3561816883616192,0.331246223979788,0.04476300324051189,0.00021969572142582522,0.0,222.07952069716765,10.854890494209375,0.10959480798467162,0.00042578255100748897,0.020634499049104367,0.8227985274264427
149101894-149101930-002.BMP,1,0.0,0.0,0.0,0.0,0.0,0.0,0.0,0.0,0.0,0.6167775314116778,0.23059866962305986,0.08758314855875832,0.05949741315594974,0.005543237250554324,0.0,0.0,93.05557776889245,5.773690523790484,0.2349882862421868,0.0032748196203325943,0.05722603970512545,0.9192449251753261
149056933-149056945-004.BMP,1,0.0,0.0,0.0,0.0,0.0,0.0,0.0,0.0,0.0,0.1312360387192852,0.2911392405063291,0.41046165301563664,0.16716306775874906,0.0,0.0,0.0,310.45529435402864,11.776974080771552,0.12952213013126654,0.0009000817059659893,0.03000136173519444,0.7919546247653579
149186957-149186968-001.BMP,1,0.0,0.0,0.0,0.0,0.0,0.0,0.0,0.0,0.0,0.003243776884563853,0.1647979691136027,0.08878076299273677,0.6740004231013328,0.06917706790776391,0.0,0.0,96.99716281099957,6.348246762694602,0.19381309490465332,0.0010295258518812208,0.03208622526694627,0.9349075145134326
153659229-153659264-001.BMP,1,0.0,0.0,0.0,0.0,0.0,0.0,0.0,0.0,0.0,0.0036983225465592393,0.22275789195614845,0.2512878087438912,0.4686963413023379,0.053559635451063264,0.0,0.0,132.57151741293535,7.8669845218352705,0.15562860259493502,0.000589172156385324,0.02427286873003115,0.9192648058856784
149056410-149056458-004.BMP,1,0.0,0.0,0.0,0.0,0.0,0.0,0.0,0.0,0.0,0.04156908665105386,0.8228922716627635,0.12295081967213115,0.012587822014051522,0.0,0.0,0.0,116.5666454081633,7.941645408163268,0.14048052785307585,0.0014208658989743872,0.03769437489831059,0.6989388651078455
149096505-149096614-002.BMP,1,0.0,0.0,0.0,0.0,0.0,0.0,0.0,0.0,0.0,0.0,0.09395848776871757,0.20997034840622683,0.2529651593773165,0.4425500370644922,0.0005559673832468495,0.0,346.259768740032,12.824760765550243,0.13248718248576552,0.0008847088042347427,0.02974405493934448,0.8311485468938877
149056321-149056343-001.BMP,1,0.0,0.0,0.0,0.0,0.0,0.0,0.0,0.0,0.0,0.08580792134606931,0.15435034570960393,0.2913552615802726,0.32268894128931697,0.14184085368290636,0.003956676391830862,0.0,192.86140523680527,9.06152015103012,0.14835053317698862,0.00042217226584309885,0.020546831041381997,0.9260765789934515
153916922-153916963-001.BMP,1,0.0,0.0,0.0,0.0,0.0,0.0,0.0,0.0,0.0,0.0007960631060935012,0.13576494427558258,0.13294253871761472,0.12252134896511796,0.2790563033724128,0.1622521348965118,0.16666666666666666,1033.752154350644,20.94654159993899,0.0773530246163574,0.0001807028847890758,0.013442577311999207,0.7923505890229964
149096505-149096614-003.BMP,1,0.0,0.0,0.0,0.0,0.0,0.0,0.0,0.0,0.0,0.0,0.4055074394847879,0.15367532755940483,0.33710859427048634,0.1037086386853209,0.0,0.0,767.6341285296983,20.40579357351509,0.08506636934838213,0.0005251052640062046,0.022915175408584693,0.6570796958090405
149056410-149056458-005.BMP,1,0.0,0.0,0.0,0.0,0.0,0.0,0.0,0.0,0.0,0.005333333333333333,0.5081481481481481,0.22666666666666666,0.19140740740740741,0.06281481481481481,0.005629629629629629,0.0,372.27365079365086,13.280634920634924,0.12624755930654238,0.0008983623078861176,0.029972692703294404,0.8199734802643088
153654869-153654880-004.BMP,1,0.0,0.0,0.0,0.0,0.0,0.0,0.0,0.0,0.0,0.00047581284694686756,0.5762093576526566,0.2859635210150674,0.12022204599524187,0.017129262490087234,0.0,0.0,158.1934782608696,8.525919732441475,0.1497596521790243,0.0008531923580273155,0.02920945665409262,0.8511251652441895
149056933-149056945-005.BMP,1,0.0,0.0,0.0,0.0,0.0,0.0,0.0,0.0,0.0,0.009316770186335404,0.3661490683229814,0.40481366459627327,0.19440993788819877,0.023291925465838508,0.002018633540372671,0.0,235.01872909699006,10.569565217391307,0.1253584206617703,0.0006349341729958281,0.02519790017036793,0.836807449797718
149101894-149101930-003.BMP,1,0.0,0.0,0.0,0.0,0.0,0.0,0.0,0.0,0.0,0.10276124338624339,0.41104497354497355,0.283151455026455,0.16724537037037038,0.035796957671957674,0.0,0.0,102.65378736413044,6.539996603260869,0.19825819413773443,0.0006648930800208973,0.025785520743644045,0.9406179601954016
153915726-153915774-001.BMP,1,0.0,0.0,0.0,0.0,0.0,0.0,0.0,0.0,0.0,0.0018704699555763386,0.22274179720988233,0.16647182604629412,0.1674070610240823,0.09336762528251889,0.09710856519367157,0.2510326552879744,1059.3218325791859,21.42138009049774,0.10913211903022402,0.0013514803763482435,0.036762485992492995,0.8706983489962998
149056410-149056423-004.BMP,1,0.0,0.0,0.0,0.0,0.0,0.0,0.0,0.0,0.0,0.021296296296296296,0.2633333333333333,0.14407407407407408,0.20472222222222222,0.3042592592592593,0.062314814814814816,0.0,221.13352490421465,9.897701149425291,0.1564683723804976,0.0004381816914020643,0.020932789861890466,0.9418402737433424
149101894-149101930-001.BMP,1,0.0,0.0,0.0,0.0,0.0,0.0,0.0,0.0,0.0,0.2525758841548315,0.52046783625731,0.09328877749930381,0.10080757449178501,0.0328599275967697,0.0,0.0,311.8910256410258,9.738400488400494,0.18925744987916562,0.0019391687203042535,0.04403599346335056,0.8210115227992483
149186957-149186968-002.BMP,1,0.0,0.0,0.0,0.0,0.0,0.0,0.0,0.0,0.0,0.00010822510822510823,0.39956709956709957,0.28755411255411256,0.30497835497835496,0.007792207792207792,0.0,0.0,190.89795918367344,10.096825396825395,0.11457270587015984,0.00047664681896946224,0.02183224264635821,0.8462541889081389
149096505-149096614-001.BMP,1,0.0,0.0,0.0,0.0,0.0,0.0,0.0,0.0,0.0,0.01451378809869376,0.3929089778146382,0.2604188264565623,0.20215633423180593,0.07795977607298361,0.05204229732531619,0.0,704.7541208791214,16.755494505494518,0.10997705289820969,0.0004962676022085373,0.022277064488135264,0.7332496250272955
149056321-149056343-002.BMP,1,0.0,0.0,0.0,0.0,0.0,0.0,0.0,0.0,0.0,0.04133333333333333,0.579,0.2775,0.09583333333333334,0.006333333333333333,0.0,0.0,196.5017543859649,9.541052631578946,0.14980141768582989,0.0010800554016620499,0.03286419634894561,0.8373386976563416
149143295-149143307-001.BMP,1,0.0,0.0,0.0,0.0,0.0,0.0,0.0,0.0,0.0,0.0,0.0030016280016280017,0.31277981277981276,0.3897028897028897,0.29451566951566954,0.0,0.0,79.49824340621889,5.571233810497615,0.21771327441017468,0.0010512422413317135,0.03242286602587306,0.9280656117280734
149058170-149058218-004.BMP,1,0.0,0.0,0.0,0.0,0.0,0.0,0.0,0.0,0.0,0.0021058414209851675,0.406885185863395,0.2170847830067753,0.3184398461820179,0.05548434352682659,0.0,0.0,156.3554136484941,7.912218833396874,0.18082833187947214,0.0008651908997636526,0.0294141275540114,0.9269360207064912
149056321-149056343-003.BMP,1,0.0,0.0,0.0,0.0,0.0,0.0,0.0,0.0,0.0,0.10767622461170848,0.27001194743130225,0.396505376344086,0.13799283154121864,0.08139187574671446,0.006421744324970132,0.0,205.49373629815219,10.084403382398998,0.13157321015745543,0.0006502048159883099,0.025499114023595212,0.9069681428177258
149142457-149142465-001.BMP,1,0.0,0.0,0.0,0.0,0.0,0.0,0.0,0.0,0.0,0.020039233438961822,0.2817262713143202,0.24819677078617775,0.23084351893767918,0.21822845933303153,0.0009657461898294854,0.0,128.50021584952208,7.327042861547951,0.19418210698257038,0.000645000798227716,0.02539686591348854,0.9540069119068415
153828952-153828980-001.BMP,1,0.0,0.0,0.0,0.0,0.0,0.0,0.0,0.0,0.0,0.0004089143324473523,0.41852381925986504,0.26947454508280516,0.22531179717849112,0.07932938049478634,0.006951543651604989,0.0,694.8303137428189,18.384003535130347,0.08590578912298868,0.00042666039726476485,0.020655759421158177,0.663588610976945
149056410-149056423-001.BMP,1,0.0,0.0,0.0,0.0,0.0,0.0,0.0,0.0,0.0,0.0,0.11156031468531469,0.25644667832167833,0.3115166083916084,0.29742132867132864,0.023055069930069932,0.0,254.17366850321397,11.503787878787879,0.10256445788795987,0.0002857417884496522,0.016903898616876883,0.8785611693675076
149056933-149056945-002.BMP,1,0.0,0.0,0.0,0.0,0.0,0.0,0.0,0.0,0.0,0.0,0.25824175824175827,0.2209863307424283,0.28209595282766015,0.23854194585901903,0.00013401232913428035,0.0,213.41392512762337,8.179665343165059,0.18482322605602897,0.000748441043585468,0.027357650549443533,0.9085901421872219
149056410-149056458-002.BMP,1,0.0,0.0,0.0,0.0,0.0,0.0,0.0,0.0,0.0,0.027417027417027416,0.4597402597402597,0.2510822510822511,0.17402597402597403,0.08773448773448773,0.0,0.0,319.3346031746032,12.062222222222221,0.12002354331748027,0.0006306374401612499,0.02511249569758549,0.8446905963212796
153654869-153654880-003.BMP,1,0.0,0.0,0.0,0.0,0.0,0.0,0.0,0.0,0.0,0.0,0.10613790970933829,0.2787569573283859,0.3835034013605442,0.23160173160173161,0.0,0.0,142.14671380363166,8.158765868552145,0.15298695177211336,0.0006180032143487858,0.024859670439263386,0.9012192987192319
149317002-149317010-002.BMP,1,0.0,0.0,0.0,0.0,0.0,0.0,0.0,0.0,0.0,0.0027083333333333334,0.45208333333333334,0.3047916666666667,0.12479166666666666,0.11333333333333333,0.0022916666666666667,0.0,571.9013333333335,16.068888888888893,0.0875015038950472,0.00044849382716049397,0.02117767284572349,0.7277357699444861
153314857-153314909-002.BMP,1,0.0,0.0,0.0,0.0,0.0,0.0,0.0,0.0,0.0,0.004467690966546802,0.2457230031600741,0.19559768987686607,0.22414732483382369,0.3300642911626893,0.0,0.0,130.2276203328835,7.428475033738193,0.17635695959374012,0.0006447262688828142,0.025391460550405805,0.9498872513453379
153829745-153829768-002.BMP,1,0.0,0.0,0.0,0.0,0.0,0.0,0.0,0.0,0.0,0.0,0.04919908466819222,0.2780320366132723,0.1864225781845919,0.13676582761250952,0.1988558352402746,0.15072463768115943,284.5115947764146,10.983142065690535,0.12234767650927583,0.00024874528812606964,0.015771660918434356,0.9391284087908041
149096927-149096943-001.BMP,1,0.0,0.0,0.0,0.0,0.0,0.0,0.0,0.0,0.0,0.0,0.00010475591870940707,0.1996647810601299,0.14445841190027237,0.6514770584538027,0.004294992667085691,0.0,153.4156428258008,7.1666301009214575,0.22145610317265715,0.002530948434886629,0.05030853242628559,0.8909483732304316
149058170-149058218-001.BMP,1,0.0,0.0,0.0,0.0,0.0,0.0,0.0,0.0,0.0,0.0,0.32523634453781514,0.4024422268907563,0.2712710084033613,0.0010504201680672268,0.0,0.0,148.61437074829934,8.686366213151928,0.1361071165817462,0.0007541205021313138,0.027461254562224827,0.8615837453746603
153829745-153829768-003.BMP,1,0.0,0.0,0.0,0.0,0.0,0.0,0.0,0.0,0.0,0.0,0.02694147957305852,0.16231137283768862,0.2068457857931542,0.06573426573426573,0.26345233713654764,0.27471475892528524,337.7813882532418,10.972082379862703,0.12458801021286474,0.0003593718817655686,0.01895710636583465,0.9279821970487717
149317002-149317010-003.BMP,1,0.0,0.0,0.0,0.0,0.0,0.0,0.0,0.0,0.0,0.05730005367686527,0.29871175523349436,0.10413311862587225,0.15942028985507245,0.37453032742887815,0.005904455179817499,0.0,624.7818935926773,15.912328375286041,0.12956135273013894,0.0006891150363409769,0.026251000673135814,0.8598726079999948
153659229-153659243-001.BMP,1,0.0,0.0,0.0,0.0,0.0,0.0,0.0,0.0,0.0,0.0003654970760233918,0.21271929824561403,0.3083576998050682,0.3820662768031189,0.09649122807017543,0.0,0.0,84.3364844149208,7.054164537557487,0.14253111648632494,0.0005337922591726202,0.023103944666931234,0.9477499006725799
149056410-149056423-002.BMP,1,0.0,0.0,0.0,0.0,0.0,0.0,0.0,0.0,0.0,0.0,0.0,0.23778664007976072,0.21884346959122633,0.5292455965437022,0.014124293785310734,0.0,111.37419746659725,6.916623286482736,0.1993871082670704,0.000952805882687156,0.03086755388246947,0.9327862366887099
153659229-153659243-003.BMP,1,0.0,0.0,0.0,0.0,0.0,0.0,0.0,0.0,0.0,0.0,0.18158783783783783,0.22111486486486487,0.3010135135135135,0.2962837837837838,0.0,0.0,275.4989130434783,10.846014492753623,0.1356928195707269,0.0007823494276412519,0.027970509963911133,0.8721706002628016
153828877-153828897-001.BMP,1,0.0,0.0,0.0,0.0,0.0,0.0,0.0,0.0,0.0,0.0,0.0,0.09552845528455285,0.23016260162601626,0.22390243902439025,0.44365853658536586,0.006747967479674797,217.76217372700052,10.420111253744121,0.1121339665656362,0.0005139182531613172,0.022669765176580838,0.8887131514484011
153655087-153655101-003.BMP,1,0.0,0.0,0.0,0.0,0.0,0.0,0.0,0.0,0.0,0.0,0.18106312292358803,0.522217607973422,0.27180232558139533,0.024916943521594685,0.0,0.0,243.12570488721798,11.699483082706763,0.09744492381784217,0.0005421083989343658,0.023283221403714003,0.7216058166544965
149056410-149056458-001.BMP,1,0.0,0.0,0.0,0.0,0.0,0.0,0.0,0.0,0.0,0.14801864801864803,0.4037296037296037,0.2191142191142191,0.08834498834498834,0.1407925407925408,0.0,0.0,242.74325346784366,10.555107187894073,0.14157580614113097,0.0007360113477162244,0.02712952907287969,0.9103464706174715
149317002-149317010-001.BMP,1,0.0,0.0,0.0,0.0,0.0,0.0,0.0,0.0,0.0,0.053071895424836604,0.22300653594771241,0.2284967320261438,0.15045751633986928,0.34431372549019607,0.00065359477124183,0.0,452.60994397759106,13.390056022408963,0.15337895735137855,0.001129236008128742,0.03360410701281529,0.8855665444615864
153314857-153314909-001.BMP,1,0.0,0.0,0.0,0.0,0.0,0.0,0.0,0.0,0.0,0.011111111111111112,0.32927689594356263,0.31146384479717815,0.2763668430335097,0.07178130511463844,0.0,0.0,376.8063492063493,12.890382819794588,0.12202642379778811,0.0004667139186829418,0.021603562638670082,0.7660202101374889
153829745-153829768-001.BMP,1,0.0,0.0,0.0,0.0,0.0,0.0,0.0,0.0,0.0,0.0,0.12778017966085412,0.050535619926022,0.0685017053369842,0.22486429360618726,0.327424700965557,0.20089350050439544,290.9157792340774,11.320755682981773,0.11728106581448226,0.00028244108954784643,0.01680598374234149,0.9408219965658563
149096927-149096943-002.BMP,1,0.0,0.0,0.0,0.0,0.0,0.0,0.0,0.0,0.0,0.0,0.0,0.20963874680306904,0.3555786445012788,0.43478260869565216,0.0,0.0,99.51639621365791,6.719405003380665,0.19869472387987142,0.0010467996622537479,0.032354283522491235,0.9124592068177741
149058170-149058218-003.BMP,1,0.0,0.0,0.0,0.0,0.0,0.0,0.0,0.0,0.0,0.0,0.09132832080200501,0.23298245614035087,0.41192982456140353,0.2637593984962406,0.0,0.0,189.3677248677249,9.5173544973545,0.1326811119645343,0.0004880938383583888,0.022092845863726764,0.8719915486082243
149058170-149058218-002.BMP,1,0.0,0.0,0.0,0.0,0.0,0.0,0.0,0.0,0.0,0.0,0.14760594386351128,0.1760044028618602,0.568189323059989,0.10809025866813429,0.0001100715465052284,0.0,222.37508813160986,10.232902467685076,0.12528259066355524,0.000579362635511412,0.024069952960307422,0.8392381368666838
153828877-153828902-002.BMP,1,0.0,0.0,0.0,0.0,0.0,0.0,0.0,0.0,0.0,0.0,0.06926126126126127,0.21974774774774775,0.11841441441441442,0.3607207207207207,0.2118918918918919,0.019963963963963965,530.6990990990989,17.083183183183174,0.0665096209504967,0.00019761597182768332,0.014057594809485843,0.838896488881662
153654869-153654880-001.BMP,1,0.0,0.0,0.0,0.0,0.0,0.0,0.0,0.0,0.0,0.0,0.04892028792322047,0.44741402292721943,0.3808984270861104,0.12276726206344975,0.0,0.0,164.51593860684773,9.31085492048059,0.1324604154152072,0.0006557503132391542,0.025607622170735693,0.8491798136788344
153655087-153655101-002.BMP,1,0.0,0.0,0.0,0.0,0.0,0.0,0.0,0.0,0.0,0.0,0.12290396341463415,0.43159298780487804,0.4098704268292683,0.03563262195121951,0.0,0.0,132.39003720545685,8.161430343116994,0.14501161175779412,0.0009774314922120788,0.03126390078368467,0.8643455069400116
153659229-153659243-002.BMP,1,0.0,0.0,0.0,0.0,0.0,0.0,0.0,0.0,0.0,0.0,0.2822774659182037,0.16479550922213312,0.2961106655974338,0.25681635926222934,0.0,0.0,473.11013602457217,15.635805177709521,0.09098793605300526,0.00046581614647040614,0.02158277429966792,0.797849848352887
149056410-149056423-003.BMP,1,0.0,0.0,0.0,0.0,0.0,0.0,0.0,0.0,0.0,0.00010309278350515464,0.13752577319587628,0.21793814432989692,0.3872164948453608,0.25288659793814433,0.004329896907216495,0.0,168.67509495387955,9.170591427021165,0.13467365690438854,0.0003960962701768714,0.019902167474344885,0.9100172542103118
149056785-149056813-006.BMP,1,0.0,0.0,0.0,0.0,0.0,0.0,0.0,0.0,0.0,0.1573104315039799,0.5159195643066611,0.1870548806032677,0.04294093003770423,0.08671973188102221,0.010054461667364893,0.0,320.7678286625654,11.661426293005237,0.13308951847840922,0.0009815026183699056,0.031328942184023795,0.8611729491369375
153655016-153655039-005.BMP,1,0.0,0.0,0.0,0.0,0.0,0.0,0.0,0.0,0.0,0.0,0.03015628439357253,0.40215716486902925,0.436715826546335,0.13097072419106318,0.0,0.0,153.8039077212806,8.876883239171374,0.13854298576402116,0.0006741845503456152,0.025965064035076348,0.8508839652963875
153654325-153654351-001.BMP,1,0.0,0.0,0.0,0.0,0.0,0.0,0.0,0.0,0.0,0.0,0.130175983436853,0.11758109040717736,0.2236887508626639,0.5285541752933057,0.0,0.0,199.76790189760115,7.486126029359112,0.21660006455747607,0.0015528037396955123,0.039405630812049085,0.8901510918592536
153314956-153314985-002.BMP,1,0.0,0.0,0.0,0.0,0.0,0.0,0.0,0.0,0.0,0.0,0.4007505175983437,0.3589544513457557,0.22088509316770186,0.019409937888198756,0.0,0.0,215.16803503010402,9.636015325670497,0.14150161934630626,0.000666356294576667,0.025813877945335278,0.8018090857981142
153827595-153827604-002.BMP,1,0.0,0.0,0.0,0.0,0.0,0.0,0.0,0.0,0.0,0.0,0.22363060208239022,0.1522181982797646,0.32299683114531463,0.20065640561339973,0.06982797645993662,0.030669986419194207,381.0775759024623,13.954936648338514,0.09290958983313853,0.0003239179061635644,0.017997719471187577,0.8813381238083807
149314679-149314719-001.BMP,1,0.0,0.0,0.0,0.0,0.0,0.0,0.0,0.0,0.0,0.00010964912280701755,0.3057017543859649,0.0956140350877193,0.2567982456140351,0.3406798245614035,0.0010964912280701754,0.0,248.93186813186813,10.890225563909775,0.1306508911930873,0.0005713041334483603,0.023901969237875784,0.9230424926521362
153655016-153655039-004.BMP,1,0.0,0.0,0.0,0.0,0.0,0.0,0.0,0.0,0.0,0.0,0.0012698412698412698,0.5133333333333333,0.3825396825396825,0.10285714285714286,0.0,0.0,204.74714285714288,10.020714285714284,0.12792340940366245,0.0008815688775510205,0.02969122559866838,0.7662211171676371
149056785-149056813-007.BMP,1,0.0,0.0,0.0,0.0,0.0,0.0,0.0,0.0,0.0,0.15,0.43468834688346886,0.27764227642276423,0.05799457994579946,0.061653116531165314,0.018021680216802168,0.0,208.38048780487804,9.705595408895265,0.16041838497817879,0.001016016582648737,0.03187501502193743,0.9118882160872418
153826963-153826970-001.BMP,1,0.0,0.0,0.0,0.0,0.0,0.0,0.0,0.0,0.0,0.0,0.009069987816434276,0.07107080005414917,0.2978204954650061,0.3305807499661568,0.23906863408690943,0.05238933261134426,295.17977528089875,11.992509363295877,0.09854737059757664,0.00032010922122893215,0.01789159638570388,0.8491394395070145
149061548-149061568-003.BMP,1,0.0,0.0,0.0,0.0,0.0,0.0,0.0,0.0,0.0,0.0,0.10304347826086957,0.1244927536231884,0.2863768115942029,0.48594202898550726,0.00014492753623188405,0.0,312.32000000000005,10.827892720306515,0.14119302271621126,0.0007343403649388591,0.027098715189817747,0.8217209227051383
153314956-153314978-003.BMP,1,0.0,0.0,0.0,0.0,0.0,0.0,0.0,0.0,0.0,0.00014084507042253522,0.3835211267605634,0.2669014084507042,0.3156338028169014,0.03380281690140845,0.0,0.0,211.81304670126013,10.004002965159376,0.13043779726122573,0.0005485105239528935,0.02342030153420091,0.8541819437901628
153654325-153654351-002.BMP,1,0.0,0.0,0.0,0.0,0.0,0.0,0.0,0.0,0.0,0.0,0.25259938837920487,0.2609582059123344,0.42252803261977573,0.06391437308868501,0.0,0.0,114.8349703184026,7.512142471667567,0.15722212530478194,0.0006089394569969965,0.024676698664874045,0.9121869761295376
153314956-153314985-001.BMP,1,0.0,0.0,0.0,0.0,0.0,0.0,0.0,0.0,0.0,0.007366181044360779,0.42175478801767885,0.2708299230643313,0.2853167457849075,0.0144868227205762,0.0002455393681453593,0.0,287.93284214092154,11.020748644986455,0.13000260525746482,0.0005244000266687967,0.02289978224064143,0.7990130349413938
153654325-153654351-003.BMP,1,0.0,0.0,0.0,0.0,0.0,0.0,0.0,0.0,0.0,0.00034340659340659343,0.35800137362637363,0.15899725274725274,0.3854739010989011,0.09718406593406594,0.0,0.0,334.61918604651146,11.25617732558139,0.134918607421933,0.0005630154813412653,0.023727947263538524,0.8224763793389974
153827595-153827604-001.BMP,1,0.0,0.0,0.0,0.0,0.0,0.0,0.0,0.0,0.0,0.0,0.18876404494382024,0.13078651685393258,0.1291385767790262,0.10546816479400749,0.15715355805243444,0.288689138576779,974.3983948635637,21.11749598715891,0.07676198595443076,0.0002853046281004513,0.016890962912174408,0.8648806509672627
153915432-153915441-002.BMP,1,0.0,0.0,0.0,0.0,0.0,0.0,0.0,0.0,0.0,0.0,0.14659873066952714,0.15366049879324215,0.1624206668454456,0.08143380709752392,0.09511039599535175,0.36077590059890946,1145.1146651702213,21.04208754208755,0.12681924890393595,0.0016756027246736828,0.04093412665092151,0.8570340391299917
149105131-149105155-004.BMP,1,0.0,0.0,0.0,0.0,0.0,0.0,0.0,0.0,0.0,0.07855297157622738,0.5669250645994832,0.2537467700258398,0.07545219638242893,0.025322997416020673,0.0,0.0,199.4918604651163,10.381395348837213,0.10955632354742609,0.001492529745808546,0.03863327252263968,0.842273072981699
149056785-149056813-004.BMP,1,0.0,0.0,0.0,0.0,0.0,0.0,0.0,0.0,0.0,0.14581264481959616,0.2525653757034095,0.2724263488910957,0.21300893743793445,0.11055941741145316,0.005627275736511089,0.0,170.15232819802665,8.920200796261035,0.15967647208212804,0.0005964421896036852,0.024422165948246383,0.9376770539270239
149061548-149061568-002.BMP,1,0.0,0.0,0.0,0.0,0.0,0.0,0.0,0.0,0.0,0.0016025641025641025,0.26463675213675214,0.14935897435897436,0.3251068376068376,0.25822649572649575,0.0010683760683760685,0.0,223.85117845117847,10.571043771043772,0.12090808536527631,0.00038284075321112386,0.019566316802380662,0.9102277427601562
149057164-149057197-001.BMP,1,0.0,0.0,0.0,0.0,0.0,0.0,0.0,0.0,0.0,0.0,0.43548387096774194,0.35225197808886183,0.20982958003651855,0.002434570906877663,0.0,0.0,115.33487703609073,7.4747684445863944,0.1768643250410893,0.0011053832534220346,0.03324730445347464,0.906807846801943
153830680-153830827-002.BMP,1,0.0,0.0,0.0,0.0,0.0,0.0,0.0,0.0,0.0,0.0016129032258064516,0.5012544802867384,0.13172043010752688,0.11362007168458782,0.1335125448028674,0.09408602150537634,0.024193548387096774,705.3079696394686,17.504174573055025,0.10018198632986784,0.0005681797723680278,0.023836521817749076,0.8465440917888312
153655016-153655039-003.BMP,1,0.0,0.0,0.0,0.0,0.0,0.0,0.0,0.0,0.0,0.0,0.07058001397624039,0.6147216398788726,0.18518518518518517,0.12951316095970183,0.0,0.0,155.644804526749,7.872170781893006,0.16547466998208038,0.001000063241968535,0.03162377652919612,0.865351386416437
149061221-149061289-001.BMP,1,0.0,0.0,0.0,0.0,0.0,0.0,0.0,0.0,0.0,0.0950632911392405,0.235,0.1951898734177215,0.2108860759493671,0.20069620253164558,0.06316455696202532,0.0,315.3564427134048,11.893541058098027,0.1265535110278152,0.0003509042501807471,0.018732438447269673,0.9198680581298927
153828952-153829005-001.BMP,1,0.0,0.0,0.0,0.0,0.0,0.0,0.0,0.0,0.0,0.0007547169811320754,0.3392452830188679,0.23232704402515722,0.1080503144654088,0.11672955974842768,0.10968553459119497,0.09320754716981132,1072.2557951482477,19.95606469002695,0.0784918192470841,0.0002716941173051633,0.016483146462528426,0.809624060317993
153827595-153827604-004.BMP,1,0.0,0.0,0.0,0.0,0.0,0.0,0.0,0.0,0.0,0.0,0.019005102040816325,0.2558673469387755,0.04846938775510204,0.15943877551020408,0.3737244897959184,0.1434948979591837,732.0307482993198,17.47074829931973,0.08440039073150465,0.00029583969642278695,0.01719999117507875,0.8342916134799767
153315615-153315629-001.BMP,1,0.0,0.0,0.0,0.0,0.0,0.0,0.0,0.0,0.0,0.001467351430667645,0.31254585473220836,0.34501100513573,0.20212765957446807,0.1388481291269259,0.0,0.0,136.29077876791942,8.062185199535064,0.15420780981171678,0.0006557021695065164,0.025606682126088035,0.9318848679230679
149058170-149058202-001.BMP,1,0.0,0.0,0.0,0.0,0.0,0.0,0.0,0.0,0.0,0.00040694519804666303,0.42091698317959847,0.17525773195876287,0.346581660336408,0.05683667932718394,0.0,0.0,314.8146453089245,10.888157894736844,0.13540084629836635,0.0005548900443265664,0.023556104183980985,0.8420045305274088
149317204-149317230-001.BMP,1,0.0,0.0,0.0,0.0,0.0,0.0,0.0,0.0,0.0,0.0,0.1361904761904762,0.24561904761904763,0.22457142857142856,0.3920952380952381,0.0015238095238095239,0.0,287.90500000000003,10.05622448979592,0.15186197137786336,0.000671704498125781,0.02591726255077455,0.8803963726907821
149315229-149315310-001.BMP,1,0.0,0.0,0.0,0.0,0.0,0.0,0.0,0.0,0.0,0.0,0.222183908045977,0.40609195402298853,0.2643103448275862,0.10741379310344827,0.0,0.0,133.6154166666667,7.894940476190477,0.15733854690978585,0.0006007281037414968,0.024509755277062575,0.9017733149097509
153916114-153916129-002.BMP,1,0.0,0.0,0.0,0.0,0.0,0.0,0.0,0.0,0.0,0.0,0.11869918699186992,0.09234938503231187,0.17806962685011465,0.18453199916614552,0.13754429851990826,0.2888055034396498,678.4650406504072,17.63534445870776,0.16396818409259445,0.005965057843268127,0.07723378692818401,0.8959136830511845
153657121-153657160-002.BMP,1,0.0,0.0,0.0,0.0,0.0,0.0,0.0,0.0,0.0,0.001139240506329114,0.300126582278481,0.3926582278481013,0.29050632911392404,0.015569620253164556,0.0,0.0,139.92191872085277,8.585476349100603,0.1314924201197757,0.0005263912443891506,0.022943217829876232,0.8790819543859294
153830680-153830827-003.BMP,1,0.0,0.0,0.0,0.0,0.0,0.0,0.0,0.0,0.0,0.0,0.2480921140714955,0.22800910429776408,0.10630606506895167,0.28879368054625787,0.10322667023697951,0.025572365778551345,713.2878317334839,18.25395256916996,0.0773758470842304,0.00031673041195418635,0.01779692141787973,0.8168831072113395
149105131-149105155-001.BMP,1,0.0,0.0,0.0,0.0,0.0,0.0,0.0,0.0,0.0,0.18203143326296037,0.19071076706544687,0.19141449683321604,0.4034717335209946,0.03237156931738212,0.0,0.0,241.97834743653564,11.374066699850676,0.12972473355798175,0.0008407289150044316,0.02899532574406488,0.9057679426947675
149056785-149056813-001.BMP,1,0.0,0.0,0.0,0.0,0.0,0.0,0.0,0.0,0.0,0.023638666103841282,0.23068805403123682,0.14721401435204728,0.4645420008442381,0.13212325875897002,0.001794005909666526,0.0,331.73384666889865,11.341926124316487,0.14369888013795418,0.0004794922749290124,0.021897312048034856,0.8610582225765402
149057164-149057197-002.BMP,1,0.0,0.0,0.0,0.0,0.0,0.0,0.0,0.0,0.0,0.0037790697674418604,0.29309593023255814,0.4436046511627907,0.228125,0.03008720930232558,0.001308139534883721,0.0,187.52108027006756,8.104876219054766,0.1804693377796538,0.0006678385650426114,0.025842572724916753,0.8238559173064524
153830680-153830827-001.BMP,1,0.0,0.0,0.0,0.0,0.0,0.0,0.0,0.0,0.0,0.0,0.32419475655430713,0.13378277153558052,0.17887640449438202,0.19176029962546817,0.11250936329588015,0.05887640449438202,643.8295238095241,17.827936507936514,0.08700312622322942,0.000367624086671706,0.01917352567139664,0.8721130608894769
149105131-149105155-003.BMP,1,0.0,0.0,0.0,0.0,0.0,0.0,0.0,0.0,0.0,0.2786885245901639,0.3702185792349727,0.1628415300546448,0.12978142076502733,0.05792349726775956,0.000546448087431694,0.0,324.375260804769,11.782116244411325,0.16710707056878987,0.0015718692877814326,0.039646806779127026,0.8542353669176821
149096854-149096870-001.BMP,1,0.0,0.0,0.0,0.0,0.0,0.0,0.0,0.0,0.0,0.0,0.1891156462585034,0.2668934240362812,0.3419501133786848,0.16326530612244897,0.03877551020408163,0.0,617.402709359606,15.526354679802957,0.1046976329711608,0.0005075650950035188,0.022529205378874748,0.7169217719369959
149317204-149317230-003.BMP,1,0.0,0.0,0.0,0.0,0.0,0.0,0.0,0.0,0.0,0.00013377926421404682,0.17110367892976588,0.22983277591973245,0.1939799331103679,0.39785953177257527,0.007090301003344481,0.0,583.1391608391609,16.182377622377622,0.11077526381904079,0.0006253851044060838,0.02500770090204383,0.7925560292102943
153315615-153315629-003.BMP,1,0.0,0.0,0.0,0.0,0.0,0.0,0.0,0.0,0.0,0.0008658008658008658,0.5305627705627706,0.3291774891774892,0.12917748917748917,0.010216450216450217,0.0,0.0,235.84247619047625,10.296952380952382,0.12798468071446936,0.0008226575963718822,0.0286820082346387,0.7834657990116847
153654325-153654351-004.BMP,1,0.0,0.0,0.0,0.0,0.0,0.0,0.0,0.0,0.0,0.0,0.22043219461697722,0.21525621118012422,0.23751293995859213,0.32679865424430643,0.0,0.0,66.65711805555557,5.633480235042736,0.20732558634463188,0.000945612427890323,0.03075081182489859,0.9709644770622688
153828952-153829005-002.BMP,1,0.0,0.0,0.0,0.0,0.0,0.0,0.0,0.0,0.0,0.04156100309946464,0.42983939137785293,0.15624119470273318,0.21076359537897998,0.12735981966751198,0.027895181741335588,0.006339814032121725,544.4972151136533,16.567063073912387,0.08528830497981081,0.00034007902523324016,0.018441231662588053,0.8369259411101612
153655016-153655039-001.BMP,1,0.0,0.0,0.0,0.0,0.0,0.0,0.0,0.0,0.0,0.0,0.007042253521126761,0.563600352112676,0.3402288732394366,0.08912852112676056,0.0,0.0,257.2599665791359,10.922415851038435,0.12740338542836915,0.0010377700899165203,0.032214439152599264,0.6819745025760188
149058170-149058202-002.BMP,1,0.0,0.0,0.0,0.0,0.0,0.0,0.0,0.0,0.0,0.027105263157894736,0.35526315789473684,0.358421052631579,0.2394736842105263,0.019736842105263157,0.0,0.0,164.36694444444447,8.619722222222224,0.15367081195038934,0.0006620852623456794,0.02573101751477542,0.90294191924428
149317204-149317230-002.BMP,1,0.0,0.0,0.0,0.0,0.0,0.0,0.0,0.0,0.0,0.0,0.1987781954887218,0.47869674185463656,0.19345238095238096,0.12421679197994988,0.004855889724310777,0.0,364.92449260405897,13.706742346061224,0.08608286940750731,0.00036386258617533365,0.019075182467681237,0.7743271631622682
153657121-153657160-001.BMP,1,0.0,0.0,0.0,0.0,0.0,0.0,0.0,0.0,0.0,0.0,0.2118380062305296,0.5503969450306502,0.2377650487388202,0.0,0.0,0.0,47.13377609108159,5.067151591819523,0.19918893484643452,0.0012547369984836003,0.035422266986792364,0.9142651566452505
149315229-149315310-002.BMP,1,0.0,0.0,0.0,0.0,0.0,0.0,0.0,0.0,0.0,0.0021725846968565416,0.3885531943784371,0.500441306266549,0.10387670581845339,0.004956208839703985,0.0,0.0,93.71778221778223,6.437348365919796,0.20038803346421108,0.0011993373708189508,0.03463145060229142,0.9165596255745453
149105131-149105155-002.BMP,1,0.0,0.0,0.0,0.0,0.0,0.0,0.0,0.0,0.0,0.0824074074074074,0.3969135802469136,0.34737654320987654,0.13240740740740742,0.04089506172839506,0.0,0.0,179.6111934156379,8.887572016460908,0.15788702466838653,0.0008406848549509733,0.02899456595555404,0.8920014082176632
149056785-149056813-002.BMP,1,0.0,0.0,0.0,0.0,0.0,0.0,0.0,0.0,0.0,0.08002883922134102,0.2015861571737563,0.2951694304253785,0.21759192501802452,0.19134823359769287,0.014275414563806777,0.0,218.2473363774734,9.472907153729071,0.1595583343832486,0.00051940349682265,0.022790425551591834,0.9310187049913397
149061548-149061568-004.BMP,1,0.0,0.0,0.0,0.0,0.0,0.0,0.0,0.0,0.0,0.0,0.08261617900172118,0.1481530517675096,0.5707665828147755,0.19846418641599364,0.0,0.0,168.5542168674699,8.869151022695434,0.13277111242996842,0.000756657704599733,0.02750741181208681,0.8614196471649251
153828952-153829000-002.BMP,1,0.0,0.0,0.0,0.0,0.0,0.0,0.0,0.0,0.0,0.0015938069216757742,0.3768214936247723,0.39048269581056466,0.19717668488160292,0.033925318761384333,0.0,0.0,261.5314411548813,11.745779300220207,0.09458844260663923,0.00048250167374409614,0.021965920735177395,0.7677978473990246
153830261-153830340-001.BMP,1,0.0,0.0,0.0,0.0,0.0,0.0,0.0,0.0,0.0,0.15558862433862433,0.3774801587301587,0.10400132275132275,0.18204365079365079,0.1314484126984127,0.04662698412698413,0.0028108465608465607,797.2993958777539,18.61282871357498,0.09153991079145507,0.00048150896951934383,0.021943312637779735,0.8066617969814219
149143028-149143108-001.BMP,1,0.0,0.0,0.0,0.0,0.0,0.0,0.0,0.0,0.0,0.0007107320540156361,0.3732764747690121,0.23795309168443496,0.2851457000710732,0.1029140014214641,0.0,0.0,204.86059701492542,10.028358208955225,0.137290814861204,0.0005585653820449991,0.023633987857426833,0.8966685059633522
149056785-149056797-003.BMP,1,0.0,0.0,0.0,0.0,0.0,0.0,0.0,0.0,0.0,0.10292598967297763,0.2306368330464716,0.2855421686746988,0.19793459552495696,0.18055077452667814,0.0024096385542168677,0.0,218.05769230769235,9.45842490842491,0.166957185231597,0.0006322371157535996,0.025144325716821275,0.930462624781581
153829063-153829086-001.BMP,1,0.0,0.0,0.0,0.0,0.0,0.0,0.0,0.0,0.0,0.0,0.20604861503674393,0.24335782928208027,0.1288863764838892,0.1206896551724138,0.1003391746749576,0.2006783493499152,1169.7974017939991,22.231673368388492,0.0821945528963833,0.0003497798424823499,0.01870240205113637,0.8174824865685401
149101894-149101918-001.BMP,1,0.0,0.0,0.0,0.0,0.0,0.0,0.0,0.0,0.0,0.3836493177152518,0.5162419997584833,0.08392706194903997,0.016181620577224973,0.0,0.0,0.0,64.06248402760029,5.043061589573217,0.23774352930665107,0.002097303026228075,0.0457963210992769,0.892400770436064
149314587-149314605-001.BMP,1,0.0,0.0,0.0,0.0,0.0,0.0,0.0,0.0,0.0,0.16470588235294117,0.5095890410958904,0.13521353746978243,0.14971796937953263,0.04077356970185334,0.0,0.0,168.05256849315072,8.562157534246577,0.16291156550560987,0.0008381907956464632,0.02895152492782484,0.9157012738056532
149062753-149062761-001.BMP,1,0.0,0.0,0.0,0.0,0.0,0.0,0.0,0.0,0.0,0.008166969147005444,0.37568058076225047,0.5226860254083484,0.09225650332728373,0.0012099213551119178,0.0,0.0,178.43661971830988,8.99481949166262,0.16263001069756544,0.0008845815482288203,0.02974191567853053,0.8112098630351987
149056873-149056884-002.BMP,1,0.0,0.0,0.0,0.0,0.0,0.0,0.0,0.0,0.0,0.010816326530612244,0.28061224489795916,0.14,0.4736734693877551,0.09489795918367347,0.0,0.0,455.21802197802197,14.266373626373626,0.1048746630930606,0.0004510083323270136,0.021236956757666896,0.79002657755961
149143469-149143479-002.BMP,1,0.0,0.0,0.0,0.0,0.0,0.0,0.0,0.0,0.0,0.000111781801922647,0.1605745584618824,0.2059579700424771,0.36407332886206123,0.26922646993069527,5.58909009613235e-05,0.0,222.03975090210685,9.731404958677684,0.13928431136596714,0.000445598195066827,0.021109196930883634,0.8826010386931327
153828952-153829000-003.BMP,1,0.0,0.0,0.0,0.0,0.0,0.0,0.0,0.0,0.0,0.0,0.44633879781420766,0.13027322404371586,0.16349726775956283,0.13748633879781422,0.09704918032786886,0.0253551912568306,564.1822014051522,16.27072599531616,0.10293347403742126,0.0006602624925272447,0.025695573403355775,0.8727453993799854
153826963-153826989-002.BMP,1,0.0,0.0,0.0,0.0,0.0,0.0,0.0,0.0,0.0,0.0,0.00125567468366657,0.20950449145175312,0.18883415435139572,0.43388389838694097,0.1354196851154255,0.03110209601081812,205.2091617134659,10.289711006353762,0.11390948499003237,0.0004407543890285931,0.020994151305270548,0.8943920299006463
153828952-153829000-001.BMP,1,0.0,0.0,0.0,0.0,0.0,0.0,0.0,0.0,0.0,0.0,0.34646856158484063,0.3593884582256675,0.26744186046511625,0.026701119724375538,0.0,0.0,255.86556927297678,11.80749885688158,0.10229028811409091,0.00043641825819903967,0.02089062608441977,0.8028843620186054
149143028-149143108-002.BMP,1,0.0,0.0,0.0,0.0,0.0,0.0,0.0,0.0,0.0,0.0,0.033893034825870645,0.269485903814262,0.22823383084577115,0.4683872305140962,0.0,0.0,164.50531515086433,7.503704499087296,0.19857206388686333,0.0013742222317125069,0.03707050352655743,0.8879120795178401
153830261-153830340-002.BMP,1,0.0,0.0,0.0,0.0,0.0,0.0,0.0,0.0,0.0,0.018357487922705314,0.4222222222222222,0.24714975845410628,0.2463768115942029,0.05507246376811594,0.008888888888888889,0.001932367149758454,230.61520833333344,11.030625000000004,0.11291203996610856,0.0005456814236111115,0.02335982499102062,0.8946394584652857
153828952-153829009-002.BMP,1,0.0,0.0,0.0,0.0,0.0,0.0,0.0,0.0,0.0,0.016570008285004142,0.23363711681855842,0.11847555923777962,0.2939795636564485,0.23336095001380833,0.08671637669152168,0.017260425296879316,562.9969507768258,16.684187599825755,0.08618407755439864,0.00025716428928234314,0.016036342765180067,0.8458645925956613
149061221-149061261-002.BMP,1,0.0,0.0,0.0,0.0,0.0,0.0,0.0,0.0,0.0,0.0004157427937915743,0.29975055432372505,0.20080376940133038,0.1553492239467849,0.307649667405765,0.03603104212860311,0.0,427.6255903187722,14.347550177095634,0.09970675880929439,0.0004500353006444024,0.021214035463447363,0.875499070484543
149057164-149057176-001.BMP,1,0.0,0.0,0.0,0.0,0.0,0.0,0.0,0.0,0.0,0.0002028809089064719,0.3784236153377967,0.22063298843578819,0.2269222966118888,0.1738182187056198,0.0,0.0,95.43776712185971,6.415876159699782,0.18613571503742093,0.0005993369848443018,0.024481359946790165,0.9593783997681862
149056785-149056797-001.BMP,1,0.0,0.0,0.0,0.0,0.0,0.0,0.0,0.0,0.0,0.034532522420369034,0.21688485723121328,0.12256468405319039,0.4083084218121843,0.21482321410163902,0.0028863003814039788,0.0,346.6312800349499,11.389689820882486,0.14370811870952524,0.0004136828538333947,0.020339195014390188,0.8765193838590909
149056873-149056884-001.BMP,1,0.0,0.0,0.0,0.0,0.0,0.0,0.0,0.0,0.0,0.0026010057222125888,0.2848968267730189,0.18553840818449802,0.49002947806485175,0.03693428125541876,0.0,0.0,186.1282858200667,8.676231025546096,0.1663997044672541,0.0008664533998885054,0.029435580508773825,0.8842655768751455
153826963-153826989-001.BMP,1,0.0,0.0,0.0,0.0,0.0,0.0,0.0,0.0,0.0,0.0,0.0,0.0038095238095238095,0.06285714285714286,0.3057644110275689,0.23097744360902256,0.39659147869674183,340.2591534391535,12.162010582010586,0.11626153961657568,0.000530181125948322,0.023025662334628334,0.8313806885243799
153827595-153827611-001.BMP,1,0.0,0.0,0.0,0.0,0.0,0.0,0.0,0.0,0.0,0.00034311202607651396,0.31892262823811973,0.23125750557557043,0.11957454108766512,0.2197632527020072,0.06193172070681077,0.04820723966375021,635.7863123407354,17.143065161994905,0.09596286380928457,0.00035742403699757044,0.018905661506479227,0.858726679677487
149315229-149315291-003.BMP,1,0.0,0.0,0.0,0.0,0.0,0.0,0.0,0.0,0.0,0.0,0.2531960227272727,0.4277698863636364,0.26413352272727275,0.05490056818181818,0.0,0.0,138.80761271249077,8.042941611234294,0.1607954884661103,0.0006958230840119329,0.026378458711834033,0.8782571156582237
153827595-153827618-002.BMP,1,0.0,0.0,0.0,0.0,0.0,0.0,0.0,0.0,0.0,0.0017578125,0.2294921875,0.18828125,0.2048828125,0.22265625,0.1068359375,0.04609375,830.7033333333338,21.195000000000014,0.05967270205175679,0.00023320312500000015,0.015270989653588276,0.8075042208839743
149101894-149101909-002.BMP,1,0.0,0.0,0.0,0.0,0.0,0.0,0.0,0.0,0.0,0.36759921925829536,0.3607677293428757,0.12394274560832791,0.10572543916720885,0.04196486662329213,0.0,0.0,328.39619252873564,11.470186781609197,0.1753532709338134,0.002634422170200819,0.051326622431257046,0.8252675576140261
153315615-153315624-002.BMP,1,0.0,0.0,0.0,0.0,0.0,0.0,0.0,0.0,0.0,0.0,0.029147196261682242,0.2910046728971963,0.29264018691588783,0.38720794392523367,0.0,0.0,87.2733795598432,5.563400663249924,0.2419284257933366,0.0016274226677254569,0.04034132704467538,0.9384269150261931
149183509-149183519-001.BMP,1,0.0,0.0,0.0,0.0,0.0,0.0,0.0,0.0,0.0,0.0,0.19908107127743183,0.45269330753884285,0.12369264252463576,0.22453297865908953,0.0,0.0,188.91339520882988,7.054747272043149,0.22068536537181588,0.0012547639579202543,0.03542264752838577,0.9043057874402084
153829063-153829073-002.BMP,1,0.0,0.0,0.0,0.0,0.0,0.0,0.0,0.0,0.0,0.0,0.0,0.0035480859010270775,0.31447245564892623,0.15985060690943043,0.24183006535947713,0.2802987861811391,386.1972549019608,14.33607843137255,0.09236573029493643,0.0003473663975394081,0.018637768040712602,0.8680967043355955
149056785-149056797-004.BMP,1,0.0,0.0,0.0,0.0,0.0,0.0,0.0,0.0,0.0,0.14898989898989898,0.4601370851370851,0.2287157287157287,0.05483405483405483,0.09812409812409813,0.0091991341991342,0.0,320.01802674936994,11.551269625896488,0.13748135805313247,0.0007521431015513226,0.02742522746580824,0.8723471230988157
149181806-149181819-001.BMP,1,0.0,0.0,0.0,0.0,0.0,0.0,0.0,0.0,0.0,0.0,0.1449221250266695,0.19372733091529762,0.46660977170898227,0.19330061873266483,0.0014401536163857478,0.0,95.92587209302326,6.845483005366727,0.17389909302568263,0.0007628104413748358,0.027619023179229853,0.9421394333266794
153915432-153915472-001.BMP,1,0.0,0.0,0.0,0.0,0.0,0.0,0.0,0.0,0.0,0.00545950864422202,0.20297673209411152,0.14805667489925906,0.18159365657090862,0.0732484076433121,0.08780709736123748,0.3008579227869492,930.8828544575726,18.74697905477981,0.1632080919619463,0.0030890057207234763,0.0555788243913406,0.8947765215721568
149101894-149101909-003.BMP,1,0.0,0.0,0.0,0.0,0.0,0.0,0.0,0.0,0.0,0.11468085106382979,0.17095744680851063,0.5345744680851063,0.1677659574468085,0.01202127659574468,0.0,0.0,144.71522956326982,8.395408734602459,0.14389861451761032,0.0006639797654771647,0.025767804824570615,0.8886807033842957
149315229-149315291-002.BMP,1,0.0,0.0,0.0,0.0,0.0,0.0,0.0,0.0,0.0,0.0,0.14418642951251648,0.39698616600790515,0.22546113306982873,0.233201581027668,0.00016469038208168644,0.0,104.3290825059911,6.95900376583362,0.16473223275467408,0.0005698495565233096,0.023871521872794572,0.9394223850326653
153828877-153828890-001.BMP,1,0.0,0.0,0.0,0.0,0.0,0.0,0.0,0.0,0.0,0.0,0.08543662490788503,0.1808677229182019,0.11403831982313928,0.3397660280029477,0.2309322033898305,0.04895910095799558,278.2784300729097,11.166224789319191,0.11091256943136071,0.00026709059504438973,0.016342906566593034,0.9204271814922284
153827595-153827611-002.BMP,1,0.0,0.0,0.0,0.0,0.0,0.0,0.0,0.0,0.0,0.0,0.133781512605042,0.07663865546218487,0.04750700280112045,0.22084033613445378,0.2769747899159664,0.24425770308123249,819.5482142857139,19.212023809523803,0.07202019804172932,0.0002120110544217686,0.014560599384014676,0.8554623955776193
149101894-149101909-001.BMP,1,0.0,0.0,0.0,0.0,0.0,0.0,0.0,0.0,0.0,0.08489993935718618,0.45320396199717,0.2961390741863756,0.16504952496462502,0.0007074994946432181,0.0,0.0,186.7875106564365,9.50916453537937,0.14241007010784937,0.0005605587661136585,0.02367612227780678,0.8527984356508935
153827595-153827618-001.BMP,1,0.0,0.0,0.0,0.0,0.0,0.0,0.0,0.0,0.0,0.1113834422657952,0.33623819898329704,0.3019244734931009,0.1522331154684096,0.03912490922294844,0.041938997821350764,0.01715686274509804,384.5660163980773,10.175101309961356,0.17276076971109153,0.000930028522739816,0.030496369009110184,0.8866757829378825
153315615-153315624-001.BMP,1,0.0,0.0,0.0,0.0,0.0,0.0,0.0,0.0,0.0,0.0010474195391354027,0.4573414587697581,0.23852599504856217,0.2840411350219006,0.019043991620643685,0.0,0.0,145.9341202582728,7.772901533494753,0.171939334531471,0.0006994308184827123,0.026446754403569302,0.9021432095919889
149181806-149181819-003.BMP,1,0.0,0.0,0.0,0.0,0.0,0.0,0.0,0.0,0.0,0.0,0.12760004223418858,0.08246225319396051,0.49831063245697393,0.29125752296484003,0.0003695491500369549,0.0,114.46565177061167,6.946035903312053,0.17995408265175358,0.0007021116230842811,0.026497388986167696,0.9251782535097242
153829063-153829073-001.BMP,1,0.0,0.0,0.0,0.0,0.0,0.0,0.0,0.0,0.0,0.0,0.2825411618515067,0.501708605156881,0.21512892202547376,0.0006213109661385523,0.0,0.0,89.10135135135135,6.477752142386287,0.18549092741015882,0.0009153837262508099,0.030255309058920717,0.8785130419325788
153915726-153915736-001.BMP,1,0.0,0.0,0.0,0.0,0.0,0.0,0.0,0.0,0.0,0.06269005847953216,0.4432748538011696,0.25894736842105265,0.10584795321637427,0.07263157894736842,0.02713450292397661,0.029473684210526315,407.82650154798773,13.901547987616102,0.10685213548757691,0.0004301852792608001,0.02074090835187312,0.885625957554752
149181806-149181819-002.BMP,1,0.0,0.0,0.0,0.0,0.0,0.0,0.0,0.0,0.0,0.0003364511136531862,0.4317004239284032,0.3801561133167351,0.18646120718659578,0.0013458044546127447,0.0,0.0,75.16040342636087,5.4861840287372186,0.22559899736343852,0.001115539347611287,0.03339969083107338,0.9383387852068238
149315229-149315291-001.BMP,1,0.0,0.0,0.0,0.0,0.0,0.0,0.0,0.0,0.0,0.0,0.14120234604105572,0.27206744868035193,0.4884897360703812,0.09824046920821114,0.0,0.0,117.98242424242422,6.716969696969695,0.20700578586603433,0.000838564623507805,0.028957980307815063,0.9131295967584554
153915316-153915330-003.BMP,1,0.0,0.0,0.0,0.0,0.0,0.0,0.0,0.0,0.0,0.0022941468253968255,0.2243923611111111,0.2530381944444444,0.32080853174603174,0.12531001984126985,0.05772569444444445,0.016431051587301588,202.7854561878952,10.363982449348303,0.108016246513014,0.0002862903178128746,0.016920115774216045,0.9346258163701617
153828877-153828890-002.BMP,1,0.0,0.0,0.0,0.0,0.0,0.0,0.0,0.0,0.0,0.0,0.1214859437751004,0.16298527443105756,0.13771753681392235,0.2761044176706827,0.19712182061579653,0.10458500669344042,1057.630876068376,23.46812678062678,0.055794400589444855,0.0001896671902013782,0.013771971180676287,0.7705397022729247
149056410-149056444-003.BMP,1,0.0,0.0,0.0,0.0,0.0,0.0,0.0,0.0,0.0,0.1439175257731959,0.4210309278350515,0.354639175257732,0.0711340206185567,0.009278350515463918,0.0,0.0,164.87065217391307,8.370217391304347,0.17093272484597216,0.0009871219281663518,0.031418496593031815,0.8552506440968048
149143469-149143497-002.BMP,1,0.0,0.0,0.0,0.0,0.0,0.0,0.0,0.0,0.0,0.0,0.11348418379127222,0.5983606557377049,0.28815516047102285,0.0,0.0,0.0,225.70975855130786,10.960764587525151,0.11692459838954954,0.0008541882583225712,0.0292264992485,0.6225089596688074
153916001-153916020-003.BMP,1,0.0,0.0,0.0,0.0,0.0,0.0,0.0,0.0,0.0,0.0,0.13528138528138528,0.19548160173160173,0.2314664502164502,0.27989718614718617,0.11580086580086581,0.042072510822510824,590.4683544303796,17.410529344073638,0.07538326562803699,0.0002333732475591296,0.015276558760373017,0.8326902831062452
153654325-153654360-001.BMP,1,0.0,0.0,0.0,0.0,0.0,0.0,0.0,0.0,0.0,0.00012840267077555214,0.2614278376990241,0.11800205444273242,0.43425783256291733,0.18618387262455058,0.0,0.0,237.59882005899703,8.968087959238401,0.16783329257056628,0.0006830869297852547,0.026135931775723143,0.8789191256464686
149056933-149056982-003.BMP,1,0.0,0.0,0.0,0.0,0.0,0.0,0.0,0.0,0.0,0.0,0.20160791589363017,0.11734693877551021,0.6170377241805813,0.0640074211502783,0.0,0.0,249.8544973544974,10.910714285714286,0.11993448219588161,0.0006257944600165168,0.02501588415420324,0.8425788602348359
153831352-153831372-004.BMP,1,0.0,0.0,0.0,0.0,0.0,0.0,0.0,0.0,0.0,0.0,0.03705985915492958,0.3134683098591549,0.27984154929577465,0.21241197183098592,0.08996478873239437,0.06725352112676056,867.9376525821589,21.267042253521105,0.07009665500333029,0.00040710176552271314,0.02017676300903376,0.7237754382499498
153915634-153915665-003.BMP,1,0.0,0.0,0.0,0.0,0.0,0.0,0.0,0.0,0.0,0.00038066235249333843,0.2649409973353635,0.09173962695089456,0.11438903692424819,0.16330414921964218,0.1910925009516559,0.1741530262657023,772.6109410083691,19.94835680751174,0.06525420083341729,0.00027558102534224615,0.016600633281361472,0.8899768571006103
153659229-153659256-002.BMP,1,0.0,0.0,0.0,0.0,0.0,0.0,0.0,0.0,0.0,0.0,0.22260668973471742,0.2376970396001538,0.48836985774702035,0.05132641291810842,0.0,0.0,153.6512086316007,9.350555036829544,0.12106289421861692,0.0005080490465639438,0.022539943357602826,0.8865176474384457
153659229-153659256-003.BMP,1,0.0,0.0,0.0,0.0,0.0,0.0,0.0,0.0,0.0,0.008441558441558441,0.285974025974026,0.4074025974025974,0.17896103896103896,0.1187012987012987,0.0005194805194805195,0.0,366.3397142857143,11.904285714285717,0.10704170752775094,0.00044392857142857135,0.021069612512539745,0.8124693145506571
149100006-149100028-001.BMP,1,0.0,0.0,0.0,0.0,0.0,0.0,0.0,0.0,0.0,0.005876068376068376,0.3281695156695157,0.29959045584045585,0.2349537037037037,0.13016381766381765,0.0012464387464387464,0.0,184.44029017857144,9.905877976190478,0.11699002539784538,0.0003654540531219,0.019116852594553844,0.9147866835256411
153829063-153829078-001.BMP,1,0.0,0.0,0.0,0.0,0.0,0.0,0.0,0.0,0.0,0.0,0.27374708624708627,0.47406759906759904,0.25,0.0021853146853146855,0.0,0.0,94.898671609515,6.68983626814952,0.18279114852736134,0.0008115325301586569,0.028487410028969935,0.878597030502161
153915634-153915665-002.BMP,1,0.0,0.0,0.0,0.0,0.0,0.0,0.0,0.0,0.0,0.0009955201592832255,0.3012692882030861,0.11087605774016923,0.13899950223992036,0.18952215032354405,0.13987058237929317,0.11846689895470383,927.2543928665091,21.306582743246782,0.08332250922112407,0.00033428264411321045,0.018283398046129457,0.8566742125130973
149056933-149056982-002.BMP,1,0.0,0.0,0.0,0.0,0.0,0.0,0.0,0.0,0.0,0.0007326007326007326,0.1976190476190476,0.17893772893772894,0.4216117216117216,0.18296703296703296,0.018131868131868133,0.0,471.83100303951375,14.916717325227967,0.08211148104396851,0.00041709395392380605,0.020422878198819237,0.7837207349271657
149143469-149143497-003.BMP,1,0.0,0.0,0.0,0.0,0.0,0.0,0.0,0.0,0.0,0.0,0.1312037397740553,0.09255940786910791,0.3564472146474484,0.41838722243864435,0.0014024152707440593,0.0,127.78952457695402,7.1793714746172395,0.1718647410639106,0.0008184114991354342,0.028607892252583624,0.9227980584095595
149098972-149098988-001.BMP,1,0.0,0.0,0.0,0.0,0.0,0.0,0.0,0.0,0.0,0.00564050288820931,0.6449201495073055,0.31518858307849135,0.033707101597009854,0.0005436629289840299,0.0,0.0,61.71044460127029,5.691531404375442,0.1923632341818994,0.0009939070337055482,0.03152629115049133,0.8923855323861037
149143469-149143497-001.BMP,1,0.0,0.0,0.0,0.0,0.0,0.0,0.0,0.0,0.0,0.0,0.2662902628656053,0.2027952610144391,0.3438541281007034,0.1814142910033321,0.0056460570159200295,0.0,384.6507352941175,11.902523847376784,0.1300252008942886,0.000456409266860613,0.021363737193211607,0.8219369705079401
153654325-153654360-002.BMP,1,0.0,0.0,0.0,0.0,0.0,0.0,0.0,0.0,0.0,0.0,0.07206208425720621,0.29024390243902437,0.3278270509977827,0.3098669623059867,0.0,0.0,123.96515679442504,7.016957026713124,0.19484684099967087,0.0008286423829892849,0.02878614915179321,0.9247454379510225
153659229-153659256-001.BMP,1,0.0,0.0,0.0,0.0,0.0,0.0,0.0,0.0,0.0,7.095217823187172e-05,0.21221796509152832,0.1939123031077054,0.28033205619412516,0.3133248190719455,0.00014190435646374344,0.0,332.67886178861784,12.080849141824748,0.11838527592953907,0.0003776478616771846,0.019433163964655487,0.8561867607952998
149100006-149100028-002.BMP,1,0.0,0.0,0.0,0.0,0.0,0.0,0.0,0.0,0.0,0.05082582582582582,0.3837087087087087,0.31336336336336335,0.10472972972972973,0.13003003003003002,0.017342342342342342,0.0,201.71297591297593,9.908313908313907,0.12534873480239114,0.00038044360888183726,0.019504963698552154,0.9246097069559333
153915634-153915665-001.BMP,1,0.0,0.0,0.0,0.0,0.0,0.0,0.0,0.0,0.0,0.0,0.024776119402985075,0.11029850746268657,0.06455223880597015,0.17119402985074628,0.18014925373134327,0.44902985074626867,596.6497674418606,16.51116279069768,0.10503688967553716,0.0005873655429361219,0.024235625490919805,0.8771791174684606
153654325-153654360-003.BMP,1,0.0,0.0,0.0,0.0,0.0,0.0,0.0,0.0,0.0,0.020155888442333455,0.11782974059188893,0.18712702472293266,0.2580075508464255,0.4142613567165997,0.002618438679819754,0.0,108.01693308902509,6.671889808555001,0.19155893759242515,0.0007412534936126137,0.02722597093975922,0.9546249866875046
149099096-149099104-001.BMP,1,0.0,0.0,0.0,0.0,0.0,0.0,0.0,0.0,0.0,0.07780291603821016,0.4067370537958773,0.41038210155857213,0.10507792860734037,0.0,0.0,0.0,88.74264705882354,6.581932773109245,0.17927815375275796,0.0007222069664262767,0.026873908655539423,0.9173927570445701
153916001-153916020-001.BMP,1,0.0,0.0,0.0,0.0,0.0,0.0,0.0,0.0,0.0,0.0,0.03690900981266726,0.22736396074933096,0.10325602140945585,0.14150312221231043,0.3215878679750223,0.1693800178412132,482.90614811364685,15.072193758733112,0.090011215095778,0.00026192568610483005,0.016184118329548573,0.898589820304968
149098972-149098988-002.BMP,1,0.0,0.0,0.0,0.0,0.0,0.0,0.0,0.0,0.0,0.0,0.14320848851099713,0.15121916941887428,0.274611763052491,0.4224580141943644,0.008502564823273136,0.0,330.1688814252338,11.709915303738324,0.14054421480392093,0.0006115777032928648,0.02473009711450533,0.8710065867829787
149056321-149056360-001.BMP,1,0.0,0.0,0.0,0.0,0.0,0.0,0.0,0.0,0.0,0.0027642490456759247,0.36356456495985257,0.4915098065025668,0.10938528366460445,0.031986310385678556,0.0007897854416216928,0.0,133.69856393261534,7.921430544048608,0.16170567244329576,0.0007282078574298982,0.026985326706006323,0.896540291120464
149056410-149056444-005.BMP,1,0.0,0.0,0.0,0.0,0.0,0.0,0.0,0.0,0.0,0.015156794425087107,0.5212543554006969,0.1508710801393728,0.07822299651567945,0.2280487804878049,0.006445993031358885,0.0,171.48126159554732,7.853432282003709,0.20642756662667242,0.0011878487269422866,0.034465181371092286,0.9581062229751922
153826963-153826976-001.BMP,1,0.0,0.0,0.0,0.0,0.0,0.0,0.0,0.0,0.0,0.0,0.0,0.012712975098296199,0.040235910878112714,0.20386631716906947,0.2626474442988204,0.4805373525557012,259.83934760448517,9.222562011552839,0.2586796858437021,0.020927697610356198,0.14466408541983114,0.8850498530982317
153828952-153828970-001.BMP,1,0.0,0.0,0.0,0.0,0.0,0.0,0.0,0.0,0.0,0.04846050870147256,0.54190093708166,0.11740294511378849,0.23882195448460508,0.04685408299866131,0.006559571619812583,0.0,386.50626780626783,11.922792022792024,0.14609322342993064,0.0010254888353178951,0.03202325460220892,0.8431721533673008
149056933-149056982-005.BMP,1,0.0,0.0,0.0,0.0,0.0,0.0,0.0,0.0,0.0,0.016017212526894573,0.20810423141286158,0.16662682285441072,0.5381305283289505,0.06956729619890031,0.0015539086779823093,0.0,181.18558262845602,8.938391617220049,0.1493017276738018,0.000653961340016529,0.02557266783142754,0.899852486124641
153915634-153915665-005.BMP,1,0.0,0.0,0.0,0.0,0.0,0.0,0.0,0.0,0.0,0.0,0.1141231593038822,0.18864346273984828,0.13085676037483265,0.17001338688085676,0.1813922356091031,0.21497099509147702,645.0011697274532,18.21698444262486,0.0912176436285939,0.0003986500669264985,0.019966223151274717,0.8918673266465017
153831352-153831372-002.BMP,1,0.0,0.0,0.0,0.0,0.0,0.0,0.0,0.0,0.0,0.000660272449263275,0.1307686961356686,0.12027383931053656,0.06529747011398387,0.18605782596608283,0.19293855991103698,0.30400333611342784,683.6749981940334,17.551108863685624,0.16767241261500582,0.011734653908664785,0.10832660757480031,0.9047867805603812
149316754-149316795-002.BMP,1,0.0,0.0,0.0,0.0,0.0,0.0,0.0,0.0,0.0,0.25790535994617625,0.37250504597443374,0.18030948643193542,0.08073559093967257,0.10832025117739404,0.00022426553038797938,0.0,1125.449050949051,21.010989010989015,0.1378915717020931,0.001079246677398525,0.032851890012578044,0.5415029300325528
153831352-153831372-003.BMP,1,0.0,0.0,0.0,0.0,0.0,0.0,0.0,0.0,0.0,0.0,0.11641159231520677,0.11991208075545425,0.07017258222077499,0.1045262129599479,0.11258547704330837,0.4763920547053077,730.3516870908174,16.049185831794528,0.2921045786584254,0.05705607113979435,0.23886412694206377,0.9108494125846391
149058262-149058309-001.BMP,1,0.0,0.0,0.0,0.0,0.0,0.0,0.0,0.0,0.0,0.0,0.2437425768706286,0.26349359961289753,0.4043021158668016,0.08846170764967229,0.0,0.0,154.64135909881858,8.476692004762342,0.154731311467548,0.00043546920671823667,0.020867898953134612,0.9060301982880514
153826963-153826982-001.BMP,1,0.0,0.0,0.0,0.0,0.0,0.0,0.0,0.0,0.0,0.0,0.0,0.010946430301269012,0.19141722367528818,0.4285575898479124,0.15654364041460817,0.2125351157609222,325.9959049959048,11.899262899262892,0.12158782487952408,0.00039429820986946253,0.019856943618529577,0.8507957121828014
149056410-149056444-004.BMP,1,0.0,0.0,0.0,0.0,0.0,0.0,0.0,0.0,0.0,0.040043720190779016,0.305345786963434,0.16057233704292528,0.24513116057233705,0.24403815580286167,0.004868839427662957,0.0,168.25861357540748,8.745512688260781,0.16632075090944082,0.0004783735302101115,0.02187175187793862,0.9496805280771027
149056545-149056555-002.BMP,1,0.0,0.0,0.0,0.0,0.0,0.0,0.0,0.0,0.0,0.0,0.0282871198568873,0.18649373881932022,0.07317754919499106,0.7099731663685152,0.0020684257602862255,0.0,142.0183095347766,6.4227314601566095,0.2411838258357165,0.0029191944964197672,0.05402957057408255,0.9224170866674912
149056321-149056360-002.BMP,1,0.0,0.0,0.0,0.0,0.0,0.0,0.0,0.0,0.0,0.001728608470181504,0.3393834629789686,0.4858350139249016,0.16642658215691924,0.006626332469029098,0.0,0.0,107.41753611556985,7.3713884430176595,0.1535710181525904,0.0006658395549546676,0.025803867054274395,0.89495811706382
153826963-153826976-002.BMP,1,0.0,0.0,0.0,0.0,0.0,0.0,0.0,0.0,0.0,0.0,0.0,0.040466779597214377,0.3295689817428948,0.4840956145303971,0.10935441370223979,0.036514210427253904,273.3693639291465,11.77194041867955,0.10702538042796911,0.0004302090545351765,0.020741481493258298,0.7845605845512231
153826963-153826982-003.BMP,1,0.0,0.0,0.0,0.0,0.0,0.0,0.0,0.0,0.0,0.0,0.022190662169359134,0.09293449316527605,0.5405645304455885,0.2735664832238594,0.06941239126575537,0.001331439730161548,148.20676656300054,8.963339930261043,0.12212728204947228,0.0005383090174593918,0.023201487397565525,0.8789199712046841
149056933-149056982-006.BMP,1,0.0,0.0,0.0,0.0,0.0,0.0,0.0,0.0,0.0,0.0008140670791273201,0.41142950179094756,0.23559101269944643,0.13855421686746988,0.2067730380983393,0.006838163464669489,0.0,253.13132363132362,10.524948024948024,0.1502854404454187,0.0006195824802893411,0.02489141378647145,0.9194303064912928
153915634-153915665-006.BMP,1,0.0,0.0,0.0,0.0,0.0,0.0,0.0,0.0,0.0,0.0005175983436853002,0.29464285714285715,0.08385093167701864,0.15489130434782608,0.19125258799171843,0.10649585921325051,0.1683488612836439,661.9848111658454,16.14874110563765,0.15667709023435958,0.0026048337157560846,0.05103757160912032,0.910705911521193
153831352-153831372-001.BMP,1,0.0,0.0,0.0,0.0,0.0,0.0,0.0,0.0,0.0,0.0,0.023897610238976102,0.17668233176682333,0.09824017598240176,0.19003099690030997,0.13343665633436658,0.3777122287771223,603.6684827729347,15.413190120381898,0.22237622852595368,0.02818150413533309,0.16787347656891213,0.9016762595071599
153915634-153915665-007.BMP,1,0.0,0.0,0.0,0.0,0.0,0.0,0.0,0.0,0.0,0.0,0.07162058371735791,0.19623655913978494,0.14228110599078342,0.09226190476190477,0.09667818740399385,0.4009216589861751,415.10454181672674,13.517507002801125,0.13403952913020983,0.0018200107173721835,0.042661583624757575,0.9413307822671457
153826963-153826976-003.BMP,1,0.0,0.0,0.0,0.0,0.0,0.0,0.0,0.0,0.0,0.0,0.0,0.0,0.25725725725725723,0.3558173558173558,0.28651728651728653,0.10040810040810041,165.94707207207207,9.108108108108109,0.12636863562796724,0.00047423039248570124,0.021776831552953273,0.8866588205301873
153826963-153826982-002.BMP,1,0.0,0.0,0.0,0.0,0.0,0.0,0.0,0.0,0.0,0.0,0.00021800741225201656,0.005014170481796381,0.0981760046508248,0.1986047525615871,0.38100428747910764,0.3169827774144321,217.33951454846982,9.048092868988393,0.16578803663881256,0.0009754796548440277,0.03123266967206018,0.8986359374647351
149056545-149056555-001.BMP,1,0.0,0.0,0.0,0.0,0.0,0.0,0.0,0.0,0.0,0.002328042328042328,0.32402116402116404,0.3532275132275132,0.23206349206349206,0.08835978835978836,0.0,0.0,172.06633333333343,8.577888888888893,0.15115948748931995,0.0005085925925925931,0.022551997529988183,0.9058305065405665
149056321-149056360-003.BMP,1,0.0,0.0,0.0,0.0,0.0,0.0,0.0,0.0,0.0,5.847953216374269e-05,0.11502923976608187,0.13883040935672514,0.29947368421052634,0.4414035087719298,0.005204678362573099,0.0,139.69346642468238,7.538838475499094,0.17416029688952783,0.000555839188057132,0.023576242025758302,0.9310653991878641
153657121-153657151-001.BMP,1,0.0,0.0,0.0,0.0,0.0,0.0,0.0,0.0,0.0,0.0,0.11081603090294544,0.6309351360051505,0.1922581683566715,0.06405923064542089,0.001931434089811685,0.0,267.1243252361673,10.280533063427798,0.141970482496799,0.000818459190219658,0.028608725770639592,0.727175481696629
